{"cameraMode":{"drawMode":0,"name":"Shaded","section":"Shading Mode"},"sceneLighting":true,"audioPlay":false,"sceneViewState":{"showFog":true,"showMaterialUpdate":false,"showSkybox":true,"showFlares":true,"showImageEffects":true,"showParticleSystems":true},"in2DMode":false,"pivot":{"x":-5.727899551391602,"y":0.6145421266555786,"z":3.047362804412842},"rotation":{"x":-0.47426021099090578,"y":-0.524645984172821,"z":0.4759892523288727,"w":-0.52274090051651},"size":99.0228271484375,"orthographic":false}